ATEL=atel-fr
COMP=comp-fr
DDRS=ddrs-fr
DEVP=devp-fr
DRAF=DRAF-fr
ECON=Econ-fr
ENTR=ENTR-fr
ETHI=ETHI-fr
FINA=Finance-fr
FISC=FISC-fr
GEST=GEST-fr
INDV=INDV-fr
INTE=International Business0fr
LANG=Language-fr
MARK=Marketing-fr
MATH=Management Sciences-fr
METH=METH-fr
MNGT=Management-fr
OPER=OPER-fr
PROJ=PROJ-fr
RECH=RECH-fr
RHRT=Human Resources Management-fr
STAG=STAG-fr
TECH=Information Technologies-fr
TEST=TEST-fr